Nathaniel,Haruna,s10nathaniel,engrnathanielharuna@gmail.com
Godwill,ocheme,s10godwill,godwill@devopseasylearning.com
Ritchy,Ekolo,s10ritchy,ekoloritchy@gmail.com
Kareem,Usman,s10kareem,uthyharrison@gmail.com
Victoria,Jitoboh,s8vicky,vickyjitoboh@gmail.com
Omoruemu,Ogheneochuko,s9Ochuko,omoruemuochuko@gmail.com
alade,olamide,s10olamide,aladeolamide992@gmail.com
George,Nkwocha,s10george,nukagee@gmail.com
Vincent,Ignatius Udoh,s10vincen,udoh_vincent@yahoo.com
oguntade,timilehi,s10timilehin,precioustimilehin598@gmail.com
Ejiofor,Mary Ogechi,s10mary,ejioformaryogechi17@gmail.com
Ojo,olugbenga,s10gbenga,olugbpound@gmail.com
Grace,Ene Ujah,s10grace,eneswit@gmail.com
Eric,Dogor,s10edogor,edogor@aamusted.edu.gh
Kwame,Frimpong Djan,s10djan,kwamedjan89@yahoo.com
Adegoke,Babatunde Olusola,s10adegoje,ababatunde022@gmail.com
Arnaud,Fankam,s10arnaud,arnaud.fankam@alfm.ca
Ramath,Laobe,s3ramath,bonalaobe@gmail.com
Ikoyi,Peter Agada,s8ikoyi,agadaipa13@gmail.com
kamguia,Hilary,s10hilary,hilarykamguia@gmail.com
Aline,Pangoup,s3aline,alinepangoup@gmail.com
Teeyira,Ledor Cynthia,s9teeyira,teeyiracynthia@gmail.com
